{"cameraMode":{"drawMode":0,"name":"Shaded","section":"Shading Mode"},"sceneLighting":false,"audioPlay":false,"sceneViewState":{"showFog":true,"showMaterialUpdate":false,"showSkybox":false,"showFlares":true,"showImageEffects":true,"showParticleSystems":true},"in2DMode":false,"pivot":{"x":-0.9977750778198242,"y":-0.5149999856948853,"z":-0.5579013824462891},"rotation":{"x":-0.14499418437480927,"y":0.82684326171875,"z":-0.24792040884494782,"w":-0.48357248306274416},"size":3.5355374813079836,"orthographic":false}