{"cameraMode":{"drawMode":0,"name":"Shaded","section":"Shading Mode"},"sceneLighting":false,"audioPlay":false,"sceneViewState":{"showFog":true,"showMaterialUpdate":false,"showSkybox":false,"showFlares":true,"showImageEffects":true,"showParticleSystems":true},"in2DMode":false,"pivot":{"x":2.373379945755005,"y":-0.19512557983398438,"z":0.45172131061553957},"rotation":{"x":-0.5299170017242432,"y":0.45826560258865359,"z":-0.42207345366477969,"w":-0.5753562450408936},"size":2.8284316062927248,"orthographic":false}